{
  "total_records": 13160,
  "total_diseases": 10,
  "available_diseases": [
    "インフルエンザ",
    "感染性胃腸炎",
    "RSウイルス感染症",
    "手足口病",
    "水痘",
    "ヘルパンギーナ",
    "突発性発しん",
    "流行性耳下腺炎",
    "咽頭結膜熱",
    "川崎病"
  ],
  "date_range": {
    "start_year": 2000,
    "end_year": 2025
  },
  "disease_statistics": {
    "インフルエンザ": {
      "total_reports": 1316,
      "total_cases": 1808359,
      "years_active": [
        2000,
        2001,
        2002,
        2003,
        2004,
        2005,
        2006,
        2007,
        2008,
        2009,
        2010,
        2011,
        2012,
        2013,
        2014,
        2015,
        2016,
        2017,
        2018,
        2019,
        2020,
        2021,
        2022,
        2023,
        2024,
        2025
      ],
      "peak_year": 2023,
      "peak_count": 166792,
      "avg_weekly_cases": 1374.1329787234042,
      "years_span": 26
    },
    "感染性胃腸炎": {
      "total_reports": 1316,
      "total_cases": 1645285,
      "years_active": [
        2000,
        2001,
        2002,
        2003,
        2004,
        2005,
        2006,
        2007,
        2008,
        2009,
        2010,
        2011,
        2012,
        2013,
        2014,
        2015,
        2016,
        2017,
        2018,
        2019,
        2020,
        2021,
        2022,
        2023,
        2024,
        2025
      ],
      "peak_year": 2012,
      "peak_count": 118967,
      "avg_weekly_cases": 1250.216565349544,
      "years_span": 26
    },
    "RSウイルス感染症": {
      "total_reports": 1316,
      "total_cases": 110363,
      "years_active": [
        2000,
        2001,
        2002,
        2003,
        2004,
        2005,
        2006,
        2007,
        2008,
        2009,
        2010,
        2011,
        2012,
        2013,
        2014,
        2015,
        2016,
        2017,
        2018,
        2019,
        2020,
        2021,
        2022,
        2023,
        2024,
        2025
      ],
      "peak_year": 2021,
      "peak_count": 16189,
      "avg_weekly_cases": 83.86246200607903,
      "years_span": 26
    },
    "手足口病": {
      "total_reports": 1316,
      "total_cases": 315063,
      "years_active": [
        2000,
        2001,
        2002,
        2003,
        2004,
        2005,
        2006,
        2007,
        2008,
        2009,
        2010,
        2011,
        2012,
        2013,
        2014,
        2015,
        2016,
        2017,
        2018,
        2019,
        2020,
        2021,
        2022,
        2023,
        2024,
        2025
      ],
      "peak_year": 2024,
      "peak_count": 59022,
      "avg_weekly_cases": 239.4095744680851,
      "years_span": 26
    },
    "水痘": {
      "total_reports": 1316,
      "total_cases": 173088,
      "years_active": [
        2000,
        2001,
        2002,
        2003,
        2004,
        2005,
        2006,
        2007,
        2008,
        2009,
        2010,
        2011,
        2012,
        2013,
        2014,
        2015,
        2016,
        2017,
        2018,
        2019,
        2020,
        2021,
        2022,
        2023,
        2024,
        2025
      ],
      "peak_year": 2011,
      "peak_count": 15679,
      "avg_weekly_cases": 131.5258358662614,
      "years_span": 26
    },
    "ヘルパンギーナ": {
      "total_reports": 1316,
      "total_cases": 194254,
      "years_active": [
        2000,
        2001,
        2002,
        2003,
        2004,
        2005,
        2006,
        2007,
        2008,
        2009,
        2010,
        2011,
        2012,
        2013,
        2014,
        2015,
        2016,
        2017,
        2018,
        2019,
        2020,
        2021,
        2022,
        2023,
        2024,
        2025
      ],
      "peak_year": 2023,
      "peak_count": 16077,
      "avg_weekly_cases": 147.60942249240122,
      "years_span": 26
    },
    "突発性発しん": {
      "total_reports": 1316,
      "total_cases": 136083,
      "years_active": [
        2000,
        2001,
        2002,
        2003,
        2004,
        2005,
        2006,
        2007,
        2008,
        2009,
        2010,
        2011,
        2012,
        2013,
        2014,
        2015,
        2016,
        2017,
        2018,
        2019,
        2020,
        2021,
        2022,
        2023,
        2024,
        2025
      ],
      "peak_year": 2012,
      "peak_count": 8547,
      "avg_weekly_cases": 103.40653495440729,
      "years_span": 26
    },
    "流行性耳下腺炎": {
      "total_reports": 1316,
      "total_cases": 81531,
      "years_active": [
        2000,
        2001,
        2002,
        2003,
        2004,
        2005,
        2006,
        2007,
        2008,
        2009,
        2010,
        2011,
        2012,
        2013,
        2014,
        2015,
        2016,
        2017,
        2018,
        2019,
        2020,
        2021,
        2022,
        2023,
        2024,
        2025
      ],
      "peak_year": 2016,
      "peak_count": 8526,
      "avg_weekly_cases": 61.953647416413375,
      "years_span": 26
    },
    "咽頭結膜熱": {
      "total_reports": 1316,
      "total_cases": 94415,
      "years_active": [
        2000,
        2001,
        2002,
        2003,
        2004,
        2005,
        2006,
        2007,
        2008,
        2009,
        2010,
        2011,
        2012,
        2013,
        2014,
        2015,
        2016,
        2017,
        2018,
        2019,
        2020,
        2021,
        2022,
        2023,
        2024,
        2025
      ],
      "peak_year": 2023,
      "peak_count": 14418,
      "avg_weekly_cases": 71.74392097264437,
      "years_span": 26
    },
    "川崎病": {
      "total_reports": 1316,
      "total_cases": 3503,
      "years_active": [
        2000,
        2001,
        2002,
        2003,
        2004,
        2005,
        2006,
        2007,
        2008,
        2009,
        2010,
        2011,
        2012,
        2013,
        2014,
        2015,
        2016,
        2017,
        2018,
        2019,
        2020,
        2021,
        2022,
        2023,
        2024,
        2025
      ],
      "peak_year": 2013,
      "peak_count": 222,
      "avg_weekly_cases": 2.661854103343465,
      "years_span": 26
    }
  }
}